,201211월,201212월,201301월,201302월,201303월,201304월,201305월,201306월,201307월,201308월,201309월,201310월,201311월,201312월,201401월,201402월,201403월,201404월,201405월,201406월,201407월,201408월,201409월,201410월,201411월,201412월,201501월,201502월,201503월,201504월,201505월,201506월,201507월,201508월,201509월,201510월,201511월,201512월,201601월,201602월,201603월,201604월,201605월,201606월,201607월,201608월,201609월,201610월,201611월,201612월,201701월,201702월,201703월,201704월,201705월,201706월,201707월,201708월,201709월,201710월,201711월,201712월,201801월,201802월,201803월,201804월,201805월,201806월,201807월,201808월,201809월,201810월,201811월,201812월,201901월,201902월,201903월,201904월,201905월,201906월,201907월,201908월,201909월,201910월,201911월,201912월,202001월,202002월,202003월,202004월,202005월,202006월,202007월,202008월,202009월,202010월,202011월,202012월,202101월,202102월,202103월,202104월,202105월,202106월,202107월,202108월,202109월,202110월,202111월,202112월,202201월,202202월,202203월,202204월
국고채?3년(평균),2.80,2.85,2.75,2.70,2.60,2.55,2.59,2.87,2.91,2.94,2.90,2.83,2.94,2.94,2.89,2.85,2.87,2.88,2.84,2.75,2.56,2.54,2.41,2.24,2.14,2.14,2.04,2.02,1.87,1.74,1.88,1.77,1.78,1.74,1.65,1.63,1.75,1.72,1.63,1.47,1.50,1.47,1.46,1.33,1.22,1.24,1.31,1.36,1.61,1.69,1.64,1.67,1.71,1.68,1.70,1.67,1.74,1.78,1.79,2.03,2.15,2.10,2.19,2.28,2.27,2.19,2.25,2.18,2.10,2.02,1.95,2.01,1.94,1.83,1.81,1.80,1.79,1.74,1.68,1.50,1.38,1.16,1.29,1.36,1.49,1.39,1.37,1.25,1.09,1.02,0.88,0.85,0.83,0.83,0.91,0.91,0.97,0.97,0.98,1.00,1.13,1.14,1.13,1.30,1.42,1.41,1.52,1.84,1.95,1.80,2.06,2.29,2.37,2.94
국고채?5년(평균),2.87,2.98,2.86,2.83,2.69,2.63,2.68,3.08,3.18,3.26,3.17,3.08,3.24,3.30,3.26,3.16,3.17,3.17,3.08,2.97,2.77,2.77,2.65,2.42,2.33,2.33,2.16,2.11,1.97,1.86,2.11,2.04,2.05,1.95,1.85,1.78,1.95,1.90,1.77,1.59,1.61,1.57,1.55,1.41,1.25,1.26,1.35,1.41,1.74,1.87,1.82,1.86,1.91,1.86,1.91,1.86,1.94,1.99,1.99,2.25,2.36,2.30,2.44,2.54,2.50,2.44,2.53,2.44,2.34,2.24,2.13,2.16,2.05,1.89,1.88,1.87,1.84,1.77,1.72,1.53,1.42,1.20,1.35,1.44,1.59,1.48,1.48,1.36,1.27,1.26,1.13,1.13,1.09,1.09,1.19,1.20,1.30,1.32,1.32,1.35,1.55,1.58,1.65,1.70,1.69,1.65,1.79,2.15,2.17,1.98,2.28,2.50,2.60,3.14
국고채?10년(평균),2.99,3.13,3.05,3.04,2.91,2.84,2.90,3.31,3.47,3.61,3.53,3.44,3.58,3.65,3.65,3.52,3.54,3.54,3.40,3.30,3.06,3.09,3.01,2.77,2.69,2.68,2.42,2.35,2.28,2.18,2.49,2.47,2.45,2.31,2.22,2.09,2.25,2.18,2.03,1.83,1.85,1.81,1.79,1.62,1.40,1.42,1.51,1.60,1.97,2.16,2.11,2.16,2.22,2.18,2.26,2.17,2.25,2.29,2.29,2.46,2.54,2.47,2.63,2.77,2.71,2.66,2.76,2.66,2.55,2.46,2.32,2.34,2.21,1.99,1.99,1.99,1.95,1.89,1.83,1.62,1.51,1.25,1.42,1.58,1.75,1.65,1.66,1.54,1.49,1.50,1.39,1.39,1.36,1.37,1.50,1.51,1.61,1.68,1.73,1.85,2.04,2.04,2.13,2.10,1.98,1.91,2.06,2.40,2.36,2.19,2.49,2.69,2.78,3.22
회사채?3년(평균),3.32,3.30,3.20,3.06,2.95,2.91,2.96,3.24,3.38,3.33,3.29,3.25,3.37,3.36,3.32,3.28,3.30,3.30,3.26,3.17,2.97,2.93,2.78,2.60,2.47,2.46,2.36,2.30,2.13,1.99,2.12,2.01,2.00,1.98,1.95,1.96,2.12,2.14,2.10,1.95,1.98,1.94,1.91,1.79,1.65,1.65,1.70,1.78,2.02,2.16,2.10,2.13,2.21,2.20,2.22,2.21,2.28,2.32,2.33,2.57,2.71,2.65,2.72,2.82,2.83,2.79,2.86,2.81,2.75,2.66,2.40,2.45,2.40,2.30,2.26,2.25,2.24,2.21,2.15,2.00,1.89,1.69,1.79,1.86,2.00,1.95,1.96,1.85,1.84,2.15,2.18,2.22,2.22,2.19,2.24,2.24,2.25,2.21,2.14,2.06,2.09,1.98,1.89,1.91,1.89,1.84,1.95,2.30,2.49,2.41,2.63,2.87,3.03,3.63
CD?91물(평균),2.85,2.88,2.86,2.83,2.81,2.80,2.72,2.69,2.68,2.66,2.66,2.66,2.65,2.65,2.65,2.65,2.65,2.65,2.65,2.65,2.65,2.52,2.35,2.21,2.14,2.13,2.13,2.12,1.95,1.81,1.80,1.70,1.65,1.64,1.60,1.58,1.59,1.67,1.67,1.64,1.63,1.61,1.58,1.43,1.36,1.35,1.34,1.35,1.42,1.54,1.50,1.49,1.48,1.43,1.40,1.38,1.39,1.39,1.38,1.38,1.45,1.66,1.66,1.65,1.65,1.65,1.65,1.65,1.65,1.65,1.65,1.68,1.71,1.91,1.87,1.87,1.90,1.89,1.84,1.80,1.68,1.49,1.54,1.46,1.52,1.53,1.47,1.42,1.23,1.10,1.02,0.79,0.79,0.68,0.63,0.63,0.66,0.66,0.68,0.73,0.75,0.74,0.68,0.66,0.69,0.77,0.98,1.08,1.17,1.27,1.39,1.50,1.50,1.64
"콜금리(1일물,평균)",2.75,2.75,2.76,2.75,2.74,2.75,2.55,2.49,2.48,2.50,2.50,2.50,2.50,2.50,2.50,2.49,2.48,2.49,2.49,2.48,2.49,2.34,2.23,2.06,1.98,1.99,1.99,1.99,1.82,1.73,1.74,1.57,1.48,1.49,1.48,1.48,1.49,1.48,1.49,1.49,1.49,1.49,1.49,1.29,1.23,1.23,1.24,1.23,1.23,1.23,1.24,1.23,1.23,1.23,1.23,1.24,1.24,1.23,1.25,1.24,1.26,1.51,1.49,1.49,1.49,1.47,1.50,1.49,1.49,1.50,1.54,1.52,1.51,1.77,1.75,1.76,1.76,1.75,1.75,1.76,1.63,1.51,1.52,1.35,1.28,1.28,1.27,1.24,0.98,0.74,0.70,0.48,0.48,0.50,0.48,0.51,0.49,0.51,0.49,0.49,0.49,0.48,0.48,0.51,0.53,0.56,0.77,0.74,0.80,1.01,1.19,1.22,1.24,1.30
기준금리,2.75,2.75,2.75,2.75,2.75,2.75,2.50,2.50,2.50,2.50,2.50,2.50,2.50,2.50,2.50,2.50,2.50,2.50,2.50,2.50,2.50,2.25,2.25,2.00,2.00,2.00,2.00,2.00,1.75,1.75,1.75,1.50,1.50,1.50,1.50,1.50,1.50,1.50,1.50,1.50,1.50,1.50,1.50,1.25,1.25,1.25,1.25,1.25,1.25,1.25,1.25,1.25,1.25,1.25,1.25,1.25,1.25,1.25,1.25,1.25,1.50,1.50,1.50,1.50,1.50,1.50,1.50,1.50,1.50,1.50,1.50,1.50,1.75,1.75,1.75,1.75,1.75,1.75,1.75,1.75,1.50,1.50,1.50,1.25,1.25,1.25,1.25,1.25,0.75,0.75,0.50,0.50,0.50,0.50,0.50,0.50,0.50,0.50,0.50,0.50,0.50,0.50,0.50,0.50,0.50,0.75,0.75,0.75,1.00,1.00,1.25,1.25,1.25,1.50
,,,,,,,,,,,,,,,,,,,,,,,,,,,,,,,,,,,,,,,,,,,,,,,,,,,,,,,,,,,,,,,,,,,,,,,,,,,,,,,,,,,,,,,,,,,,,,,,,,,,,,,,,,,,,,,,,,
,,,,,,,,,,,,,,,,,,,,,,,,,,,,,,,,,,,,,,,,,,,,,,,,,,,,,,,,,,,,,,,,,,,,,,,,,,,,,,,,,,,,,,,,,,,,,,,,,,,,,,,,,,,,,,,,,,
