날짜,전자상거래/통신판매,가구/가전,의류/잡화,스포츠/오락/여가,식료품,연료,여행/교통,숙박,음식점,서적/문구,교육,의료/보건,자동차,공과금/개인및전문서비스,금융/보험,소비자물가지수,소매판매지수,국고채 3년(평균),국고채 5년(평균),국고채 10년(평균),회사채 3년(평균),CD 91물(평균),"콜금리(1일물,평균)",기준금리
201211,,,,,,,,,,,,,,,,,,,,,,,,
201212,-0.005535580291960551,-0.15053321510450846,-0.06269224312599675,-0.16371485019148757,-0.008560353418116229,-0.050739418766563515,0.03704358402480734,0.12044502948811853,0.08431224209803756,0.08225805852535073,-0.05510520554870546,-0.08007258081376578,0.15442339920889236,-0.003767479259705553,-0.04036445683708356,0.0017823955831368643,0.02358974358974364,0.017857142857143016,0.03832752613240409,0.04682274247491636,-0.0060240963855421326,0.010526315789473717,0.0,0.0
201301,-0.04757901002374576,-0.0068801984349150525,-0.15603929728508104,-0.11397186249051838,0.026437387392908462,-0.023171155681283695,0.05999755897577108,0.001434094788776541,-0.08879073886958178,-0.06921518482845657,0.03982892211454159,0.13479700813580342,-0.30905613022980194,0.17538183582572153,-0.010248900512919934,0.005999457553566456,-0.08617234468937873,-0.03508771929824561,-0.04026845637583898,-0.025559105431309903,-0.030303030303030165,-0.00694444444444442,0.0036363636363636598,0.0
201302,-0.046021769026817094,0.0807696849679247,0.03113952162533984,-0.05906534866086999,0.21412110087987135,0.008692471699511817,-0.05001014354272815,-0.17944959988283304,-0.06295630647999106,-0.01146068561233582,0.06357631809648367,-0.040256398646091984,0.1487550573823142,-0.08702920394845737,0.010154627721906007,0.0033431110344233073,-0.04824561403508776,-0.018181818181818077,-0.010489510489510412,-0.003278688524590123,-0.04375000000000007,-0.010489510489510412,-0.0036231884057970065,0.0
201303,-0.01938125713928085,0.14744658828427637,0.06865518385236835,0.22387966102185364,-0.21724134620405666,0.0045966628972098356,-0.05534405529494091,-0.05886523504074859,0.08214359928911619,0.32878814521156685,-0.036247830740130715,-0.017456226684546716,0.10513945334625485,-0.08166725918625661,-0.026015014638084644,-0.0009243534899717742,0.07834101382488479,-0.03703703703703709,-0.04946996466431097,-0.042763157894736836,-0.03594771241830064,-0.007067137809187329,-0.0036363636363635488,0.0
201304,0.08006540524590067,-0.051237197147368074,0.023244621352073835,0.06266681860359102,0.035328440149238416,0.005315440902955215,0.09578462255486575,0.041678563839968596,0.03510321195837407,-0.17832982456140356,-0.10984963261271241,-0.006554105773612706,0.03849502360906687,0.061671974275273156,0.05943991610379351,-0.0013878130648077303,-0.018162393162392987,-0.019230769230769384,-0.02230483271375472,-0.024054982817869552,-0.013559322033898313,-0.003558718861210064,0.0036496350364962904,0.0
201305,-0.0031498452849001435,0.13126836543505482,0.11655286482809335,0.10372022095258648,0.08212576085476941,-0.036323632875211564,0.06708820361391443,0.057049474593111826,0.03638418714953384,-0.13311190259986416,0.04973832308413151,-0.001657758991493341,0.0048985918073209955,-0.050144639971505534,-0.03621353592940235,0.0,0.052230685527747456,0.015686274509803866,0.019011406844106515,0.021126760563380254,0.01718213058419238,-0.02857142857142847,-0.07272727272727275,-0.09090909090909094
201306,-0.047120082694758425,0.016545669044835787,-0.12493670013913516,-0.09665907618151415,-0.049934549387642746,-0.007098564527344697,-0.04589006151355801,-0.05111787305095861,-0.03422139665972357,-0.048919076276120466,-0.010588867860112261,-0.026476849081622067,-0.14620823250237824,0.024186134354873934,-0.042595229749421204,-0.0012173706947631313,-0.03619441571871773,0.10810810810810811,0.14925373134328357,0.14137931034482754,0.09459459459459474,-0.011029411764705954,-0.023529411764705688,0.0
201307,0.11331834809871211,0.07842930578475893,-0.08933125766125005,-0.07626407333747542,-0.038834972467026496,0.02599379002649993,0.17170515183328727,0.1840696782664335,0.05397851939417908,0.12297473188228936,0.07086482583915399,0.02885372616510451,0.05561118098591855,0.13927457532314724,0.12567101077175336,0.0021464782655593595,0.02253218884120156,0.013937282229965264,0.032467532467532534,0.048338368580060465,0.043209876543209846,-0.0037174721189590088,-0.004016064257028162,0.0
201308,-0.1343598469573427,-0.08309115053216687,-0.14874089221943676,-0.018110024051336104,0.07928908575101223,0.06351431969951449,-0.12761111390748492,0.2476930610854431,0.017107384449450924,-0.08836478548856475,0.027240770326725006,-0.007180941625754889,-0.09959962206773743,-0.14958888556896777,-0.10367438599973933,0.0035410993552831282,-0.044071353620146914,0.010309278350515427,0.025157232704402288,0.040345821325648235,-0.014792899408283988,-0.007462686567164201,0.008064516129032251,0.0
201309,0.08046493189890835,-0.1928697751930074,0.24057142932032738,0.061793238914694015,0.3528196637783183,-0.062455790318585835,-0.06460580533798754,-0.29746509125079923,-0.09337496987000748,0.04816705051676129,-0.12745082609250047,-0.08233161266607902,-0.11231145467531412,0.017953846767139847,0.04417858502365535,0.0019412685814796937,0.03183315038419332,-0.013605442176870763,-0.027607361963190136,-0.02216066481994461,-0.012012012012012074,0.0,0.0,0.0
201310,0.04811265569426615,0.07086314826480544,0.13866039776097772,0.14322364805990961,-0.26840274732266123,-0.002968285410214655,0.032840245780625166,0.08640453521143199,0.04187001997493378,-0.04355828350769653,0.006869430466578175,0.11040207834823423,0.1803088713030805,0.04020897536251189,0.058990963727076684,-0.003050771256382534,0.03297872340425534,-0.024137931034482696,-0.028391167192428957,-0.025495750708215303,-0.012158054711246202,0.0,0.0,0.0
201311,0.06091552726590854,0.14382785948712562,0.05542192428107473,0.008827301883831629,0.006925287906949906,0.030456988651513583,-0.015986962824940276,-0.052025369285575884,-0.027138847301523494,0.04791996322183967,0.031312490436327556,-0.010221295306102385,-0.02585841112557341,-0.09409484594528161,-0.047331040723334605,-0.00019326991216961353,0.016477857878475888,0.03886925795053009,0.051948051948051965,0.04069767441860472,0.03692307692307706,-0.00375939849624074,0.0,0.0
201312,0.016226237293584855,-0.10867398263887318,-0.03859653348468406,-0.11358020326999563,0.002173043865646873,-0.02118015089986991,0.07644977546367282,0.1607648398936643,0.126083364295555,0.13073860655083736,0.0052850887589237505,0.00041767471279863244,0.041057904018200864,0.0025932754107378386,0.04516613338256481,0.0012135401005197721,0.012158054711246313,0.0,0.01851851851851838,0.019553072625698276,-0.0029673590504452063,0.0,0.0,0.0
201401,-0.10023535557552621,-0.1040998844287585,-0.1752922039626177,-0.17577219143293799,0.30244044160371875,-0.04264359527039041,-0.001736544248754468,-0.07249356908609905,-0.1277692037683018,-0.1038116591928252,0.022660894148365696,0.06844243073573497,-0.060058657631205326,0.18485364456129938,-0.08262120542689944,0.005373864355511682,-0.03503503503503502,-0.017006802721088343,-0.012121212121212088,0.0,-0.011904761904761862,0.0,0.0,0.0
201402,0.04405293953868328,0.06689181288449175,0.012198893503711616,-0.03482999602935177,-0.29927875678489113,-0.02652489923613821,0.0069091938556076204,-0.05916771715740332,-0.023176625988603705,0.017067028212335744,0.11183379365058865,0.0009378265780957129,-0.03189737125661263,-0.09876910681629725,0.10689575607054747,0.0026672356769443795,-0.10062240663900412,-0.01384083044982698,-0.030674846625766805,-0.03561643835616435,-0.012048192771084376,0.0,-0.0039999999999998925,0.0
201403,-0.01642811105009767,0.14410561270701994,0.09003371121348147,0.20083194185935183,0.0852142215120344,0.0185179800507016,-0.04218702069964053,-0.11917403334994858,0.08891904865522626,0.31805426054430574,-0.06753203776425187,-0.05658531531590427,0.06322584458340308,-0.08887678462201631,-0.02947258121999563,0.001840817195147837,0.10380622837370246,0.007017543859649145,0.0031645569620253333,0.005681818181818121,0.0060975609756097615,0.0,-0.004016064257028162,0.0
201404,0.008252986308495469,-0.10064487983255488,0.030011101238319293,0.041876040516335644,0.007768447154159919,-0.013632673314093458,0.08470559700472813,0.0454835759187493,-0.0178749065771433,-0.2623451605938515,-0.12106221779075033,-0.0019159086492526178,0.08645448021966096,0.07763213146233294,0.01602219358977397,0.0006478816394590581,-0.03343782654127481,0.0034843205574912606,0.0,0.0,0.0,0.0,0.0040322580645162365,0.0
201405,-0.04242049615180754,0.09667412527740904,0.03592148709142573,0.06519923114862025,0.08704596550335975,0.007622655441736015,-0.05328821574128628,0.08423486909210265,0.06790848603670141,-0.05261383723740909,0.07727296665782335,-0.025490217079877975,-0.04222253887706495,-0.07708640902614394,-0.05314204541938494,0.0016451907359840146,0.06054054054054059,-0.01388888888888895,-0.028391167192428957,-0.039548022598870136,-0.012121212121212088,0.0,0.0,0.0
201406,0.0644437265580935,0.09239826650497962,-0.09540472225008256,-0.05788450360257724,-0.04570938034883598,-0.012688630975635218,0.01668144646197356,0.00020351083395886427,0.0009689509362003079,-0.060951008268271156,-0.026859282527433637,-0.016382021404481972,0.018570182066485863,0.043182207924652216,0.035601108708425366,-0.001282200722694915,-0.03669724770642191,-0.03169014084507038,-0.0357142857142857,-0.02941176470588236,-0.027607361963190136,0.0,-0.004016064257028162,0.0
201407,0.040324254908081336,0.043163798379317164,-0.05626408175376896,-0.05900035390428138,-0.02044736508614209,0.019716052358178304,0.2634809429420628,0.07233672278060177,0.01856399976325185,0.1536661580637495,0.13944842659804912,0.10089634098901468,0.13674727040727985,0.19474419384227293,0.0759022428940066,0.0014642220524572203,0.020105820105820182,-0.06909090909090909,-0.06734006734006737,-0.07272727272727264,-0.06309148264984221,0.0,0.0040322580645162365,0.0
201408,-0.07935040004923877,-0.13253103477150452,-0.11303408231581713,0.011961359694224738,0.1478771584609424,0.018085733985651276,-0.0870811177370896,0.2616857787692588,0.04009856697734704,-0.06826148899224582,0.02714828233351274,-0.017738510034802313,-0.14717710237443515,-0.19865693700226505,-0.09430885877091344,0.001748140614074245,-0.024896265560165998,-0.0078125,0.0,0.009803921568627416,-0.013468013468013518,-0.049056603773584895,-0.06024096385542177,-0.09999999999999998
201409,0.07495578075714526,-0.04714076710758519,0.14965492645499578,0.019002313460181774,0.16615250618574695,-0.04695788728534267,-0.07222749721695054,-0.2706376779625187,-0.099513207633535,0.05419129176215187,-0.12025016406609657,-0.07020544439392373,0.02523707033777689,0.11757585722068908,0.06580764496773339,-0.0006451544669014986,0.018085106382978777,-0.051181102362204633,-0.04332129963898923,-0.02588996763754048,-0.05119453924914685,-0.06746031746031744,-0.04700854700854695,0.0
201410,0.028460988507922114,-0.0016618251288895713,0.15386203803820675,0.10479620157941194,-0.1823885032636261,-0.00781561002794895,0.03277287476753599,0.05008042935983492,0.05350649106667649,-0.06643789077882845,-0.042805784059877006,0.06567860044707707,0.07670241909215414,0.011882606746909996,0.0032572754429145423,-0.003016192189649658,0.017763845350052376,-0.0705394190871369,-0.08679245283018866,-0.07973421926910296,-0.06474820143884885,-0.05957446808510647,-0.07623318385650224,-0.11111111111111116
201411,0.03563608087923442,0.16074557091989417,0.022232762116385585,-0.010041578654520045,-0.010468111263740143,-0.005504267802902474,-0.032662470283372325,-0.09675640079443648,-0.023431045745068824,0.0714397161999043,0.02357953577716221,-0.002046279038807164,0.08430975546856412,-0.09666529581921268,-0.053580528460708376,-0.0020168780850272627,0.026694045174537884,-0.044642857142857206,-0.037190082644628086,-0.028880866425992857,-0.04999999999999993,-0.03167420814479627,-0.03883495145631066,0.0
201412,0.0983629528795007,-0.11656117799249455,-0.03198222188510669,-0.10796871804085884,-0.009039103949695426,-0.03735204820395799,0.09706966537487749,0.25099915351166446,0.08204547905519011,0.10525651628252719,0.05467736010079349,-0.01025462557468193,0.17433605247079798,0.012125070296039375,0.10824964023098538,-9.57294048822277e-05,0.052000000000000046,0.0,0.0,-0.0037174721189590088,-0.004048582995951455,-0.004672897196261738,0.005050505050504972,0.0
201501,-0.10058805038014007,-0.07525978396776523,-0.18228595954901605,-0.12696727371951166,0.008679026064990714,-0.121567310438784,0.019643664171056452,-0.047098649886495036,-0.06094426949484322,-0.075153983541705,0.04273114530782829,0.10395200329547705,-0.25032937243637643,0.23584679674234654,-0.07369359266202458,0.006776163223624065,-0.1045627376425855,-0.04672897196261683,-0.07296137339055786,-0.09701492537313439,-0.04065040650406504,0.0,0.0,0.0
201502,-0.004242578430668109,0.04239545963460589,0.03294687588648304,-0.05440323531662261,0.35355565290267355,-0.01918317669917624,-0.07822780872601953,-0.1021029968092626,-0.05109159834458088,-0.021913841105056564,0.038181540683076776,-0.06691511143073181,-0.028645083076243805,-0.1629226264892436,0.021289208837375728,-0.0005916972200796788,-0.013800424628450103,-0.009803921568627416,-0.02314814814814825,-0.028925619834710647,-0.025423728813559365,-0.004694835680751019,0.0,0.0
201503,0.02579548639476359,0.14432491242092205,0.13109955843728405,0.21547249658199608,-0.29792661312341107,0.08018634621061493,0.0059306434417167875,-0.06295279886636951,0.059138568929482105,0.36824279617342426,-0.01603153260616874,0.029538172225312298,0.06778084077274271,-0.03928915055980431,0.07439794083424434,9.515049636843464e-05,0.06781485468245418,-0.07425742574257421,-0.06635071090047384,-0.029787234042553346,-0.07391304347826089,-0.08018867924528306,-0.08542713567839189,-0.125
201504,0.0112159017817004,-0.11784651766793963,0.024081834337952968,0.056705132506851275,0.054558288152363854,-0.04713727080007779,0.128644792034184,0.002930306492474166,0.01385878890780301,-0.23812075962978752,-0.1264029042334861,0.011264038941654952,0.06806434158349184,0.09990273006467598,0.006525937837676743,0.0003065668738635452,-0.005040322580645129,-0.06951871657754016,-0.055837563451776595,-0.04385964912280682,-0.06572769953051638,-0.07179487179487176,-0.0494505494505495,0.0
201505,-0.07305550045955422,0.08233806182124481,0.0823222831508319,0.1308179257165718,0.11612800827105363,0.04499066153651854,-0.0645849238875682,0.13757361940248636,0.09925700748668187,-0.07686251028019364,0.08111214057223948,-0.040707196211043684,-0.10845541147295157,-0.05516039443885379,-0.07454165778168742,0.0028005284015852894,0.03951367781155013,0.08045977011494254,0.13440860215053752,0.14220183486238525,0.0653266331658291,-0.0055248618784530246,0.005780346820809301,0.0
201506,0.12176070154418706,0.042033957139086864,-0.16264383358486945,-0.1506168024763863,-0.06690618188415542,-0.03781809132617986,-0.0884475273077755,-0.1651620833986428,-0.09702728160393492,-0.05990246085011186,-0.045799849828657146,-0.09968300641151884,0.025938187843165483,0.0828755028050503,0.11163357176278699,0.00020023184740236566,-0.07407407407407407,-0.058510638297872286,-0.033175355450236865,-0.008032128514056214,-0.051886792452830344,-0.05555555555555558,-0.09770114942528729,-0.1428571428571429
201507,0.009383966146156997,0.2022635014831593,-0.03166422358423637,0.004929828405815684,-0.03734710842270739,0.02842098167390783,0.260923163850469,0.15616156204153953,0.06940791287253023,0.15187247931815362,0.13692387143595153,0.12853802998306918,0.07847872752403307,0.17954348169268441,0.01635267569660459,0.001801725863721959,0.030526315789473735,0.005649717514124353,0.004901960784313708,-0.0080971659919028,-0.004975124378109319,-0.02941176470588236,-0.05732484076433131,0.0
201508,-0.09004454312627497,-0.04334416117071882,-0.10103716136251151,0.016027959969339367,0.060693800824904054,0.02947992054739168,-0.12609512574601944,0.32418521776394416,0.06284991081000202,-0.08003994914275803,0.025277291795801515,0.007480314008785793,-0.11932116557065509,-0.2185658222892215,-0.09955427662076433,0.0013988220445939614,-0.023493360572012345,-0.022471910112359605,-0.04878048780487798,-0.05714285714285716,-0.010000000000000009,-0.0060606060606061,0.006756756756756799,0.0
201509,0.05558486827718845,-0.13270096601314885,0.15240761113898582,-0.017513529489773028,0.38277975593474145,-0.04900700610605191,0.016621929032717198,-0.3096620019621735,-0.109850827450657,0.05018433753338014,-0.1276445016684017,-0.009797337202769762,0.19190775183144404,0.137195639618372,0.03197938081029794,-0.0025941835673699565,0.06903765690376584,-0.051724137931034475,-0.05128205128205121,-0.03896103896103886,-0.015151515151515138,-0.024390243902438935,-0.006711409395973145,0.0
201510,0.08603698275003246,0.09985778170532211,0.1355045990755488,0.16051685360748125,-0.312045371642129,-0.025050915424156273,0.034913605005888027,0.13630341164401094,0.018925095905471867,-0.05340215998714526,0.04717981912714131,0.07539075398913031,0.03487395822728945,0.06456421077872032,0.09885253979839126,0.0,0.04011741682974557,-0.012121212121212088,-0.037837837837837895,-0.05855855855855874,0.00512820512820511,-0.012499999999999956,0.0,0.0
201511,0.040232672677253056,0.05959864978122709,0.015326468652808733,-0.053977158309599926,0.015436513352440784,0.008078148191119183,-0.030168337117017496,-0.05602070594774888,0.02050110243813097,-0.029776643547473114,-0.05004777177963993,-0.04394952536520802,-0.021636910297631706,-0.11601142241526796,-0.037220883472593,-0.001895415201229822,0.0,0.07361963190184051,0.09550561797752799,0.07655502392344515,0.08163265306122458,0.006329113924050667,0.006756756756756799,0.0
201512,0.019525562414125508,-0.08365398894067377,-0.03712860350188685,-0.10130380271951145,0.025839246856338427,-0.0024480723955147,0.09291145474355345,0.15644609241300644,0.06907235145962165,0.23985249867751213,0.09499114718311841,0.06664112187888827,0.24162665086588708,0.06371943154462012,0.06755193186440067,0.002996223070917514,0.02539981185324547,-0.017142857142857126,-0.02564102564102566,-0.03111111111111109,0.009433962264151052,0.05031446540880502,-0.006711409395973145,0.0
201601,-0.020870660588704126,-0.08392024574495849,-0.15466139506499788,-0.1528291095165224,0.04545782098567286,-0.04073910191538044,-0.01573383576672782,-0.03646684886167906,-0.0673744877236524,-0.11139297556578565,0.039475769939829375,0.04006998029502218,-0.3550588659197442,0.1694862331271334,-0.08582105963908382,0.0017040075733669724,-0.0862385321100918,-0.05232558139534893,-0.06842105263157894,-0.06880733944954143,-0.01869158878504673,0.0,0.006756756756756799,0.0
201602,-0.025221246856523494,0.06276162555967502,-0.02596625825716825,-0.01713139634470917,0.16480407061893332,-0.03698699472639089,-0.054204959905703176,-0.13068987156876521,-0.05441767049086488,-0.012039133461223095,0.022767109872610103,-0.05826098895979548,0.056402236014825524,-0.1954563978914391,0.013155669972844786,0.004284274193548487,-0.04016064257028118,-0.09815950920245398,-0.10169491525423724,-0.09852216748768461,-0.07142857142857151,-0.017964071856287456,0.0,0.0
201603,0.07346197531832277,0.08808855291880202,0.133251288017034,0.20839598277531546,-0.23370142826832763,0.00623891861023762,0.011318888749112466,-0.051047114202486976,0.051851971400626695,0.3618935767491973,0.0022698630003843423,0.053353756479013636,0.27988841857799907,0.044929037145305495,0.11168216184177271,-0.0025826014219991755,0.09309623430962355,0.020408163265306145,0.012578616352201255,0.010928961748633892,0.01538461538461533,-0.0060975609756097615,0.0,0.0
201604,-0.017933589490190305,-0.0734237717172943,0.0655854270316849,0.09780064568200153,0.05631128849013711,-0.004643935407373179,0.05722459228163257,0.017104835117537354,0.03838671511392344,-0.26055574253826785,-0.11411033276443272,-0.013023790577894934,-0.02276480241652956,0.08458541078825488,-0.055880413007072915,0.0018869309068798579,-0.022966507177033524,-0.020000000000000018,-0.024844720496894457,-0.021621621621621623,-0.02020202020202022,-0.012269938650306678,0.0,0.0
201605,0.06375893915818653,-0.019721053220333018,0.04666677394433294,0.08147058085307268,0.053191623696381196,0.039177040933180196,0.010087843192081225,0.11836682876807036,0.08205217281902932,-0.061905668766128685,0.04409848427107477,-0.05859631109740404,-0.028680739337313077,-0.0006851644419034741,0.006737930670088321,0.0005964027497304958,0.050930460333006966,-0.006802721088435382,-0.01273885350318471,-0.011049723756906049,-0.015463917525773252,-0.018633540372670843,0.0,0.0
201606,0.016183120546416907,0.03385506152091966,-0.06893411711718556,-0.08179516137678311,-0.04521686909815836,0.0377809607145998,0.06816244770616176,-0.008644327311445932,-0.029731534246630886,-0.0014781174187288304,0.023758971110682703,0.041131208019911325,0.15370987891692933,0.06219533902723984,0.042454554872363603,-0.00019868242183407325,-0.03634669151910519,-0.08904109589041087,-0.09032258064516141,-0.0949720670391061,-0.06282722513089001,-0.09493670886075956,-0.134228187919463,-0.16666666666666663
201607,0.03672671588068277,0.17425635922837812,-0.09505392716258243,-0.0561769084240783,-0.04433806781192706,0.012630822345375492,0.031881014013599884,0.026685478656099715,0.022993512970439056,0.10825433576344978,0.0822551161960905,0.027127306616700375,-0.15808759140660844,0.19095039203129138,-0.010940968604177037,-0.0018826285678427146,-0.012572533849129708,-0.08270676691729328,-0.11347517730496448,-0.13580246913580263,-0.07821229050279332,-0.04895104895104885,-0.04651162790697683,0.0
201608,-0.015979951309814222,-0.029750290785222067,-0.12231631092056272,0.015066751296331171,0.028147535966775994,0.021375449580676387,-0.05933683552316704,0.39805904984221674,0.04648943164919994,-0.08517250571745272,0.02218861666398242,-0.034672351078797514,-0.16695574785211775,-0.17109713086084988,-0.013208939731211067,0.0025777787092244875,-0.012732615083251742,0.016393442622950838,0.008000000000000007,0.014285714285714235,0.0,-0.007352941176470562,0.0,0.0
201609,0.018587608734190963,-0.19554574832392801,0.1204528006897112,-0.02223724884080358,0.32283508306973796,-0.05935753269867661,-0.07063146128197573,-0.30891182481842117,-0.11674712876638293,0.0427748169165294,-0.07275162767414045,-0.021442412562343693,0.10551605530241548,0.11592547999882585,0.009599547993497382,0.005957544655455171,0.01388888888888884,0.056451612903225756,0.0714285714285714,0.06338028169014098,0.030303030303030276,-0.007407407407407418,0.008130081300812941,0.0
201610,0.02547328916652236,0.02522767767562062,0.12062582641407138,0.15690566321558252,-0.15291705596383065,0.012575475958250149,0.010564992970996112,0.01616997059151215,0.06350034000287641,-0.05518003898279966,-0.04537556201299997,0.04555356622187645,0.05382661503165265,0.01220810754030266,-0.011256887797653659,0.0013714713185866145,0.0606653620352251,0.03816793893129766,0.04444444444444429,0.0596026490066226,0.04705882352941182,0.00746268656716409,-0.008064516129032251,0.0
201611,0.08446817345214752,0.022761884100348517,0.06267368390218686,-0.02363997097102899,-0.039649202318708276,0.06251001020913116,0.09400610792413588,-0.005575735694482886,-0.03618574400400976,0.05373386415731707,0.02821577568998035,0.03126586824924149,0.08469547420505297,-0.05283535162522779,0.04174219264850443,-0.0014733500036315794,0.0064575645756457245,0.18382352941176472,0.23404255319148937,0.23124999999999996,0.1348314606741572,0.051851851851851816,0.0,0.0
201612,0.028044904446232977,-0.11887327521829405,-0.07563460214673778,-0.14330005702780824,0.023918582485993767,0.018619147580793305,0.05746858818351819,0.0914365419999501,0.08129983167229637,0.12646916308670497,0.04932976767138797,0.07590607584469766,0.25656506482251307,0.0012271956892757618,0.017997105100258093,0.0010910564543782364,0.019248395967002896,0.04968944099378869,0.07471264367816088,0.09644670050761439,0.06930693069306937,0.08450704225352124,0.0,0.0
201701,-0.0271887967975728,-0.04681669696788893,-0.1337174568998195,-0.12349903503514037,0.29704502513605835,-0.009061080652066456,0.013841183279548419,-0.026908067146438674,-0.07023971151621,-0.14069374774597554,-0.07426516493242108,-0.07859817033767413,-0.2170088349373115,0.1132394894710127,-0.08441981401289556,0.010628801561105128,-0.0710431654676259,-0.029585798816568087,-0.0267379679144385,-0.02314814814814825,-0.02777777777777779,-0.025974025974025983,0.008130081300812941,0.0
201702,0.0951246501277645,0.2147451051383067,0.055111278253394236,0.05557528208943441,-0.3217683720967761,0.03912503549982271,0.04255476386926982,-0.001511514128607172,0.020250303966408145,0.10078547800459914,0.26091584497252707,0.10305559259280539,0.02538123526853564,-0.02776272569882321,0.09931265141167467,0.002731959821703711,-0.07841239109390119,0.018292682926829285,0.0219780219780219,0.02369668246445511,0.014285714285714235,-0.00666666666666671,-0.008064516129032251,0.0
201703,-0.0008971592297389863,-0.012639772645901548,0.09038066592126648,0.17607337777504872,0.08434250925963416,0.011767421700335401,-0.057414259515783606,-0.15638328900680154,0.016100143999589145,0.2744990562431546,-0.08149845138916911,-0.029907252560417152,0.090170005103684,-0.07765008268696927,0.059682611477688274,-0.0006862504097018274,0.1071428571428572,0.0239520958083832,0.026881720430107503,0.0277777777777779,0.03755868544600949,-0.006711409395973145,0.0,0.0
201704,-0.023004958414594268,0.02494090992459963,0.0585932196900254,0.07690572131724216,0.056097242288150495,-0.01649558357534764,0.029673906107753334,0.060427936287974715,0.03201023506781997,-0.24023054462450844,-0.1168849418761313,0.014443501168786232,-0.07940932530475542,0.12939901959988132,-0.07550264315204025,-0.0012606979962076492,-0.014231499051233443,-0.01754385964912286,-0.02617801047120405,-0.018018018018018056,-0.004524886877827927,-0.03378378378378377,0.0,0.0
201705,0.0283176234488709,0.1432094086686484,0.01624774397437445,0.10078271423899232,0.05490191365234143,-0.0145269167457025,-0.027253237468735647,0.19148847461777407,0.06656984433535174,-0.06644162390639463,0.036854220035047236,-0.050755869824130495,-0.03954049192256259,-0.08002216303340959,0.08003212922533764,0.0010673015742699299,0.03561116458132818,0.011904761904761862,0.026881720430107503,0.0366972477064218,0.009090909090909038,-0.020979020979021046,0.0,0.0
201706,-0.003993418887792033,-0.08583768809878023,-0.07792000803271348,-0.0886023322831081,-0.07115231154034873,-0.02732131740022814,0.06912470823765604,-0.12298578632217505,-0.04214153791981057,0.002144584349391021,0.03059975503265422,0.04874138104489445,0.09662333053167682,0.0861277465168,0.034676956458314034,-0.0021323273122425546,-0.03159851301115235,-0.01764705882352946,-0.02617801047120405,-0.03982300884955747,-0.0045045045045045695,-0.014285714285714346,0.008130081300812941,0.0
201707,-0.008950645650671385,0.2766421362473914,-0.07326429969083326,-0.0809834346441407,-0.040262333459565425,0.005018974946894517,0.012341951271487295,0.09141963532549413,0.05337542284505403,0.07352247249762156,0.057375445206440334,-0.002628762045657318,-0.05137576407063105,0.16120319685449558,-0.04376606458724386,0.0016540302862191325,0.006717850287907945,0.041916167664670656,0.043010752688172005,0.03686635944700467,0.03167420814479627,0.007246376811594235,0.0,0.0
201708,-0.03620976122237518,-0.19128846587740345,-0.11745138326314886,0.029996260755408732,0.07581608373245441,0.01662707447515488,-0.06660803919066105,0.37283162482352195,0.021598342222420186,-0.05064721228277769,0.03689430929911741,0.019750017332395897,-0.04119776334877956,-0.15816995373558107,0.0007443667412376787,0.005733392137355464,-0.03431839847473794,0.02298850574712641,0.02577319587628879,0.017777777777777892,0.01754385964912286,0.0,-0.008064516129032251,0.0
201709,0.11146712944225423,-0.05167201334530991,0.21892147073025514,0.0045202432990654184,0.26857801450831387,0.038477832645241294,0.080163583860142,-0.3005089346751243,-0.04967366194878131,0.11388908702077627,-0.03792020600055568,0.03801419500503922,0.14893073877120666,0.09455108537122525,0.023739955617141373,0.0011625772501988596,0.08094768015794673,0.00561797752808979,0.0,0.0,0.004310344827586299,-0.007194244604316502,0.016260162601626105,0.0
201710,-0.11384720798652326,-0.015090009634224133,-0.013560869841464318,0.10845170639613233,-0.059993161446137644,-0.03158221590517851,-0.16389260914777126,0.13911778618396298,-0.00868253002870345,-0.19414435855440337,-0.13180135760981337,-0.13170282128434996,-0.22994297779568873,-0.10943665930327717,-0.06815912805625512,-0.0009676893615286897,-0.013698630136986356,0.13407821229050265,0.1306532663316582,0.07423580786026207,0.10300429184549342,0.0,-0.008000000000000007,0.0
201711,0.18474309692789848,0.07504625304537371,0.13589513453238244,-0.016494476049394025,-0.12484049824989674,0.08841665747684924,0.13451281732205045,-0.11397866357406972,-0.02693192556977908,0.1114116713855744,0.08049575736658121,0.1386453805942094,0.31085629911685664,0.054814403841388915,0.089576791818472,-0.007443131417151916,0.06481481481481488,0.05911330049261099,0.04888888888888876,0.03252032520325199,0.054474708171206254,0.050724637681159424,0.016129032258064502,0.19999999999999996
201712,-0.034933501651035814,-0.0945213229962667,-0.08959333211412035,-0.14911065224940745,0.039334159126418244,0.018814349811623998,0.035765452864601865,0.14183566877941,0.09205836507768339,0.14177864387084727,0.034782227138963284,0.028391167059743205,-0.045633205405398725,-0.042978957342393986,0.007395207459554021,0.003605658109649079,-0.01826086956521733,-0.023255813953488302,-0.025423728813559365,-0.027559055118110187,-0.022140221402214055,0.14482758620689662,0.19841269841269837,0.0
201801,0.04480917159838693,0.07389830446742462,-0.16735121994255642,-0.11596950929013805,-0.05936504254954911,-0.04032488420973179,0.08125404840614125,-0.017150464075731287,-0.06496266991429589,-0.1146605762195726,0.01986340895618066,0.019724444894346993,-0.1603831141801716,0.2603031399307556,-0.015344025149981455,0.00417613461892774,-0.06731620903454394,0.042857142857142705,0.0608695652173914,0.06477732793522262,0.026415094339622858,0.0,-0.013245033112582738,0.0
201802,-0.010714870948437927,0.005820347177413643,0.02917894786956854,-0.024012729002543476,0.3486115118201236,0.044905133046382995,-0.0782213152638116,-0.1239645501530735,-0.04141992487184265,0.023639883112773763,0.061863640407203935,-0.042706796026551475,0.04453615110047782,-0.16578334880899948,0.010483498569280991,0.0076345993109494525,-0.03418803418803418,0.041095890410958846,0.040983606557376984,0.05323193916349811,0.03676470588235281,-0.0060240963855421326,0.0,0.0
201803,0.02793575679259952,0.11342229348250776,0.13342267142256548,0.22159967251683588,-0.29705994602505037,-0.025955799136254898,-0.013061338072484996,-0.06968729724630762,0.06247905520283714,0.33441945120742744,0.023720972078241642,0.022935553867571512,0.2290939302251629,-0.002131090375839806,0.05604667134011598,-0.001052045925850953,0.11406096361848572,-0.004385964912280604,-0.015748031496062964,-0.02166064981949456,0.0035460992907803135,0.0,0.0,0.0
201804,0.0035712982094351364,0.015633487531641066,0.03884141951625231,0.10094727731432873,0.06247921498440934,-0.0039203562140515125,0.04529137079518586,0.041409492329780084,0.05879598095962213,-0.25325751836328325,-0.14998480696869465,-0.029808439711627943,-0.0531608108259366,0.0694830455704809,-0.03457035770419892,0.0018227663517331738,-0.030008826125330956,-0.03524229074889873,-0.02400000000000002,-0.01845018450184499,-0.014134275618374548,0.0,-0.01342281879194629,0.0
201805,0.004387646434636627,0.02583913245097369,0.016139195824727004,0.07003620595550575,0.06021363543368552,0.014128036846349445,-0.005859266374670269,0.16857354368824473,0.04699372392470713,-0.009135172451545936,0.09410195089431594,0.002990253009417021,-0.006194786650898454,-0.0648056953115026,0.015738239846732283,0.0004851866452375564,0.0263876251137396,0.027397260273972712,0.03688524590163933,0.037593984962405846,0.02508960573476693,0.0,0.020408163265306145,0.0
201806,-0.021772555413172245,-0.027166918219158398,-0.05265991963476502,-0.05873579026679632,-0.05085867436346769,0.017359154053107284,0.021078411905242733,-0.08578722758568369,-0.030256615928651587,-0.02099153748221383,0.010903493030910427,0.010908355836559247,-0.006192693228909252,0.03630816213591892,0.008122936909046974,-0.002020630638822407,-0.03634751773049638,-0.03111111111111109,-0.035573122529644174,-0.03623188405797084,-0.01748251748251739,0.0,-0.00666666666666671,0.0
201807,0.05821811993827186,0.24553829767934565,-0.07066171141860511,-0.06992075589288227,-0.0444595527038113,0.02671590911104249,0.012679982802312528,0.09636838475652709,0.03888983842581961,0.0650477086086172,0.0362529360947883,0.002766389656434054,-0.025895971493652636,0.1914527062328537,0.014010140489886691,-0.0019133621518743205,0.01931922723091062,-0.03669724770642202,-0.040983606557377095,-0.0413533834586467,-0.02135231316725983,0.0,0.0,0.0
201808,-0.05728378454981253,-0.23024839770019667,-0.13601183539709316,-0.023698238020614548,0.05193303519334913,0.005699216731883228,-0.05143130997884304,0.3011032264168796,0.015157938991291031,-0.03134559275455484,0.05962435545603895,0.001791593989238116,-0.023170982452605182,-0.19066712779162598,-0.007378906931757467,0.008844710416878065,-0.03429602888086636,-0.03809523809523818,-0.04273504273504258,-0.03529411764705881,-0.032727272727272716,0.0,0.006711409395973256,0.0
201809,0.0367568035787158,-0.11215467360591713,0.18742680418085955,0.06072811784121823,0.52369394366346,-0.003254034509742376,-0.06801776347561361,-0.29570757607489984,-0.059439305106698814,0.0435751758877041,-0.0908103559303447,-0.037062953729206094,-0.06390597068537296,0.09420958717759498,-0.05143975237954035,0.007631055076310567,0.028037383177569986,-0.034653465346534684,-0.049107142857143016,-0.056910569105691144,-0.09774436090225569,0.0,0.026666666666666616,0.0
201810,0.08570191114632486,0.07707817853777654,0.13278623820356983,0.11402813530865297,-0.321450029524467,0.006045711205335813,0.06450460696822957,0.06236269114480231,0.003529665578394514,-0.08352693887221063,-0.03743646943073542,0.04599295741986298,0.1289880628399953,0.054032093500930634,0.09726177617645182,-0.0017960307719939728,0.032727272727272716,0.03076923076923066,0.014084507042253724,0.008620689655172376,0.02083333333333348,0.0181818181818183,-0.012987012987012991,0.0
201811,0.06104017407975393,0.022772716051696174,-0.01383083332614532,-0.052916627973401464,0.04686929433310438,0.012229042668257195,0.00530473346357474,-0.05351963010190852,-0.01803057731958757,0.05268612214706758,0.03368020860939058,0.04698533760603696,0.03743020032768807,-0.0345897708384425,0.002273319006508734,-0.0071070860947011205,0.022887323943661997,-0.03482587064676612,-0.05092592592592604,-0.05555555555555547,-0.020408163265306256,0.017857142857142794,-0.006578947368421018,0.16666666666666674
201812,-0.003243030683580783,-0.08088338089095659,-0.05245552586069546,-0.11514000997163598,0.01710652785330047,-0.06953048425603447,0.014881809074466013,0.16099540453609706,0.09116610744614051,0.12218671878452203,-0.0030155367625051,0.016242081056922153,-0.03330669892031202,-0.051551831965040096,0.005530879577912318,-0.0034430685593476174,0.001721170395869276,-0.05670103092783496,-0.07804878048780484,-0.09954751131221717,-0.04166666666666674,0.11695906432748537,0.17218543046357615,0.0
201901,0.03690316986106423,0.09452538834147872,-0.1285296479659812,-0.09987115673848268,0.09755941164154103,-0.07045969579042288,0.08450755665315923,-0.014109172731228803,-0.06472063709232811,-0.041497351747910916,0.08436417803548357,0.05405548872655919,-0.13135696816679576,0.2828855709868723,0.012550585769928624,-0.0010506323998868972,-0.05670103092783507,-0.010928961748633892,-0.005291005291005346,0.0,-0.017391304347826098,-0.020942408376963262,-0.011299435028248594,0.0
201902,-0.02761864869527275,0.02036998932373968,-0.02114350680244792,0.03671628051089959,0.02777203862321387,-0.021079909220641846,-0.06967693737576086,-0.0702606304036335,-0.033803992811524686,-0.011120892442238128,0.04497409683347464,-0.06570074928417957,-0.013448725217330315,-0.21200756011749466,0.025289845876978356,0.004318191011690509,-0.09107468123861562,-0.0055248618784530246,-0.005319148936170137,0.0,-0.004424778761061843,0.0,0.005714285714285783,0.0
201903,0.048227871722989146,0.10994284442226965,0.11978339822218831,0.15663532233004474,-0.184220452480649,0.028787517626463144,-0.042870062159521716,-0.10495295064252708,0.05004428942821337,0.29138257465198736,0.009421313866334158,0.027089698343941482,0.18882677747303256,-0.03213926629516295,0.0293298348349067,-0.0019131818227589026,0.16232464929859725,-0.005555555555555536,-0.016042780748663166,-0.02010050251256279,-0.004444444444444362,0.016042780748662944,0.0,0.0
201904,0.000517244682745055,-0.08372836088038704,-0.0005529960596916128,0.05224001231981101,0.02510140475868816,0.025166049205221253,0.08709812103546444,0.04754370531363472,0.004455135296420387,-0.24137790704317696,-0.1464869850453131,-0.0016972658602472102,-0.011683928729529836,0.1312428559133123,0.002508846366089612,0.003631924617386817,-0.039655172413793016,-0.027932960893854775,-0.03804347826086962,-0.03076923076923077,-0.013392857142857206,-0.0052631578947368585,-0.005681818181818232,0.0
201905,0.009192855522298649,0.0897350298544477,0.06126988094297103,0.08016525912809747,0.05554998861770577,0.0494079998467003,-0.015809904094780447,0.06171560820042554,0.05568560296353797,-0.02663062727792731,0.10685864352437457,0.013538070822178838,-0.02603830749527869,-0.04656359458963599,-0.0030330300424441514,0.001718921201033341,0.04667863554757612,-0.034482758620689724,-0.02824858757062154,-0.03174603174603163,-0.02714932126696834,-0.026455026455026398,0.0,0.0
201906,-0.036978874170948584,-0.10996544420131293,-0.07556969566291305,-0.03445546890546347,-0.0368176282472511,-0.01704670820874521,-0.025616954829073446,-0.0032905407937880993,-0.011663318285539681,-0.0121533183828747,0.0006861463600660311,-0.011841020901232291,-0.0593656723191649,0.03958316518101945,-0.0015624880378587447,-0.0016156223658331248,-0.05660377358490565,-0.1071428571428571,-0.11046511627906974,-0.11475409836065575,-0.06976744186046513,-0.021739130434782594,0.005714285714285783,0.0
201907,0.041045339042720785,0.03336169240565878,-0.08993051442464173,-0.06595575572435364,-0.07313211832462763,-0.038663734474749134,0.07478299806534183,0.06426716217986028,-0.0022451505883791523,0.04298613118553485,0.021995885827243322,0.0016230926701157333,-0.004485036518842578,0.2217701603436515,0.04220182320499166,-0.0030555527635666158,0.00454545454545463,-0.08000000000000007,-0.07189542483660138,-0.06790123456790131,-0.05500000000000005,-0.06666666666666676,-0.07386363636363646,-0.1428571428571429
201908,-0.03534125159547896,-0.022230157002054107,-0.07864265080529664,-0.013531108529305724,0.10693402503798088,0.07091778036557561,-0.0828609131866701,0.28823062836506663,0.0417273528762645,-0.016262078717888206,0.08645522709644049,0.016681891463899978,-0.01611258518655445,-0.19890907912596723,-0.03170086216591472,0.0023995080000402957,0.009049773755656076,-0.1594202898550725,-0.15492957746478875,-0.17218543046357615,-0.10582010582010581,-0.11309523809523803,-0.0736196319018404,0.0
201909,0.041323329832460676,-0.09104688697567864,0.08822173705650682,-0.024535538443125837,0.30842182818278907,-0.058121708761175395,-0.07975674101543573,-0.32030768532337617,-0.10326396988531072,0.008504091622274279,-0.12664876004867454,-0.08154871400546138,-0.03844847335263413,0.11512597419212955,0.006587541204017722,0.003711340206185465,0.016143497757847403,0.11206896551724155,0.12500000000000022,0.1359999999999999,0.059171597633136175,0.033557046979865834,0.0066225165562914245,0.0
201910,0.04060753730629307,0.008427016021952838,0.13746679200408707,0.13869391660723118,-0.21572735015135125,0.03644151445445476,0.09247296169262209,0.1381493754524119,0.06373540100243602,-0.06449609962163039,-0.018747113879284183,0.11324014847352237,0.1144151212218949,0.029881368957242582,0.03687506321787559,0.0024750987033288485,0.02118270079435125,0.054263565891472965,0.06666666666666665,0.11267605633802824,0.03910614525139677,-0.051948051948051965,-0.11184210526315785,-0.16666666666666663
201911,0.08935979214133605,0.07964045575042578,0.022977571373821615,-0.02128293466332276,0.05650708854492681,0.04772489753824716,0.04731624789831357,-0.08233171827872587,-0.014732387340142594,0.055282366882761114,0.04992874018384086,0.023392528294714054,0.09618221783457748,-0.03363855486124778,0.014672401190653606,-0.005597704940974224,0.04062229904926529,0.09558823529411753,0.10416666666666674,0.10759493670886067,0.07526881720430101,0.041095890410958846,-0.05185185185185193,0.0
201912,0.002524968821119522,-0.0702840623631924,-0.05711196505184679,-0.1214306649098782,-0.00207765551840966,-0.0041153669552825844,0.030128199686645596,0.1745799124019518,0.08414229866352652,0.08570883944950669,-0.02400421021214505,-0.010503088267195815,0.04476249217924999,-0.016028867402661406,0.020449729719387966,0.0023924166423738846,0.009966777408637828,-0.06711409395973156,-0.06918238993710701,-0.05714285714285716,-0.025000000000000022,0.006578947368421018,0.0,0.0
202001,-0.026592537144772166,0.02748686336289441,-0.159443985492563,-0.1318787302470853,0.2980022224844623,-0.025953871847512078,-0.05714343421286494,-0.07266695023394298,-0.11400225394275543,-0.06182042189251913,0.016800794196368596,0.01364284426004092,-0.2797106263399819,0.20077620675250496,-0.028476166992013496,0.0037204544770805814,-0.08059210526315785,-0.014388489208632893,0.0,0.0060606060606061,0.00512820512820511,-0.03921568627450989,-0.0078125,0.0
202002,0.06946030594168695,0.06513375248183406,-0.10535033769952395,-0.1471223115752498,-0.31459886480197063,-0.0529882366388531,-0.5081957525584497,-0.2978216087904969,-0.12506525073301933,-0.046869625939320536,-0.007655881288853639,-0.006389336055422579,-0.04388398736188215,-0.16807128915275737,0.05042211324874146,0.000699370566490165,-0.12522361359570666,-0.08759124087591252,-0.08108108108108103,-0.07228915662650592,-0.05612244897959173,-0.03401360544217691,-0.023622047244094557,0.0
202003,0.004613139226408158,-0.01845823354121312,-0.13788118840262076,-0.05408612982349048,0.06701394531904925,-0.0966692102279576,-0.5572092956191201,-0.4024801364911199,-0.13427377071007607,-0.11042099507927838,-0.42753182388598987,-0.16135984065830722,0.45591197166837705,-0.10377267454532813,0.040534490930582256,-0.0021964856230032304,0.09304703476482623,-0.1279999999999999,-0.06617647058823539,-0.032467532467532534,-0.005405405405405461,-0.13380281690140838,-0.20967741935483875,-0.4
202004,-0.011173019565662745,0.027097384635868194,0.19543760460533388,0.2645139643014678,0.0541261565980693,-0.06190650908489781,0.5759894652900193,0.07798699784269103,0.14620004474096304,0.0694789993553393,0.2690343115637195,0.11193338460666413,0.13324175002989125,0.09413559993395726,-0.003218633473592525,-0.0044026415849509615,0.018709073900841977,-0.06422018348623859,-0.007874015748031482,0.006711409395973256,0.1684782608695652,-0.10569105691056901,-0.24489795918367352,0.0
202005,0.011937823878998222,0.18513825898389813,0.3142167637100286,0.2942807592617358,0.12293198176571218,-0.06285001251875788,0.26054024651443664,0.4998576146161777,0.18859297199260583,0.07220808994911243,0.19052743861161892,0.020054580584567105,0.03419964203656023,-0.06531184684012992,-0.018859484917080782,-0.000603015075376856,0.08723599632690537,-0.13725490196078427,-0.10317460317460325,-0.07333333333333336,0.013953488372093092,-0.07272727272727275,-0.05405405405405406,-0.33333333333333337
202006,0.04978125451154458,0.03873586064552548,-0.10050242918631913,-0.07479353870141137,-0.15909328432364622,0.06067470165396571,0.11605206761183817,0.10674679591203784,-0.057202570790086726,-0.053583934824555146,-0.010659007004105603,0.0238318722537616,0.11671966941345757,0.07052861416335343,0.053637579794534984,0.0027152051488334994,-0.01266891891891897,-0.03409090909090917,0.0,0.0,0.01834862385321112,-0.22549019607843135,-0.3142857142857143,0.0
202007,-0.024248406803139555,-0.15607135947571105,-0.14399284948952684,-0.08194707384211308,-0.007749722022396099,0.008399251357584347,0.0961239424101814,0.11336118794498984,0.012467762775346003,-0.021282620514679218,0.0654451914220755,0.017955212925261588,-0.16554849726651522,0.28872091886385354,0.00013945124748415694,-0.0008023267475679718,-0.05132591958939259,-0.02352941176470591,-0.03539823008849541,-0.021582733812949506,0.0,0.0,0.0,0.0
202008,0.014151269000175937,0.16017749098332512,-0.1299580115860406,-0.07948420678579171,0.0700099643381582,0.018804803468766673,-0.11806592210971478,0.35357073873114553,-0.007227405773341022,-0.029148198297245242,0.0429840281630669,-0.06351304224630694,-0.1839284085133004,-0.17286129772756997,-0.05410443480327953,0.005620796948710316,0.007213706041478751,0.0,0.0,0.007352941176470562,-0.013513513513513598,-0.1392405063291139,0.04166666666666674,0.0
202009,0.09370511332434917,-0.1432641905071005,0.09945247378691202,-0.08058859663216433,0.38451964054217647,-0.0007832956972576577,-0.11705616627135362,-0.46857085406274934,-0.1711887067512805,0.02661199211139409,-0.15001939502583495,0.0724767448209036,0.2910596642137029,0.12779210950251785,0.04890363984971735,0.00548956981734694,0.056401074306177135,0.09638554216867479,0.09174311926605494,0.0948905109489051,0.022831050228310668,-0.07352941176470595,-0.040000000000000036,0.0
202010,-0.056261770910932096,-0.0865001146136658,0.17906672103757004,0.3549794482578519,-0.22259705323703716,-0.022103806544452098,0.17969168060483165,0.3293803605277197,0.13276523724804612,-0.0824847820696386,0.03997814769843022,-0.08786267998314046,-0.08515711949879201,-0.0434739683361679,-0.01609559074320377,-0.005558864403414576,-0.01864406779661021,0.0,0.008403361344537785,0.006666666666666599,0.0,0.0,0.0625,0.0
202011,0.09699413217092401,0.14910219193750796,-0.009226380661510492,-0.0648351042773867,0.013286893469882655,0.04159948141394976,0.07971865855213256,0.024671306327812115,-0.00011695018476187702,0.02796739462098441,0.05295376760963433,0.05437775409822887,0.09174985881111053,-0.04826980227424538,0.02252289606530078,-0.00089838291076072,0.02763385146804831,0.06593406593406592,0.08333333333333348,0.06622516556291402,0.004464285714285587,0.04761904761904767,-0.03921568627450989,0.0
202012,0.03628546830854229,-0.13936846945916515,-0.1641574744949199,-0.42996598609128034,0.014667876990249074,0.013466371116806819,-0.309830557095119,-0.2520951478946374,-0.2958866010630681,0.084674786194195,-0.17397300693774276,0.035954416250137955,-0.03366534753966366,0.03432839153658751,0.03878433774727519,0.0023978419422518993,0.0008403361344537785,0.0,0.01538461538461533,0.04347826086956519,-0.01777777777777778,0.0,0.04081632653061229,0.0
202101,-0.029307142728834612,0.13494953647556995,-0.10201389184430898,-0.1552565391128986,0.0006123088472538285,0.015527239035156404,0.04031191831656855,-0.1506376657062244,0.0028614973393401577,-0.01086935960442037,0.15154517222461705,0.0020243388974745535,-0.12808032039465522,0.0633794405558088,-0.062401331294493656,0.007076647064686581,-0.05793450881612083,0.010309278350515427,0.0,0.029761904761904878,-0.03167420814479627,0.030303030303030276,-0.03921568627450989,0.0
202102,0.011528865550295864,-0.025970563658721968,0.10565434989051536,0.5320385329006136,0.2139720012064792,0.07037325083957024,0.1751501090151799,0.37607729741166507,0.15585219489320612,0.006146264539902857,0.15528037332775058,-0.000245432429796133,-0.05803296632625865,0.0383315191028899,0.045633004375006836,0.005344418052256383,-0.053475935828877,0.020408163265306145,0.022727272727272707,0.06936416184971095,-0.03738317757009346,0.07352941176470584,0.0,0.0
202103,0.024267108476494048,0.027515375276601972,0.17003167907815975,0.33697403103793655,-0.24815286615909637,0.03518097243496654,0.12790773598639937,0.048766362229260896,0.14394354073208082,0.2114618103932122,-0.02565915385416262,0.02489776857140602,0.21150310988251553,-0.11058304705367272,0.05945790504172388,0.0025595589683009567,0.1252354048964217,0.1299999999999999,0.14814814814814814,0.10270270270270276,0.014563106796116498,0.027397260273972712,0.0,0.0
202104,-0.004939585403703872,-0.0719432500904813,0.021878882416721313,0.07357646291903142,0.06287686551029181,0.021056007010834987,0.0736510577472842,0.030485252171816635,0.031727226502286765,-0.16868937903420655,-0.06750819945741082,0.031100576168878513,0.0240288564564326,0.07417682886523957,-0.027801258514459803,0.001374705420267075,-0.005020920502092019,0.008849557522123908,0.019354838709677358,0.0,-0.05263157894736836,-0.013333333333333308,-0.020408163265306145,0.0
202105,0.02911792399784696,0.09037100081241056,0.011006933494480453,0.056202327645281436,0.08249975066948512,-0.023835445171494052,-0.003542786440650314,0.14858564198788637,0.07373376276094001,0.011331976208927008,0.07855932730270876,-0.06393141440116001,-0.06853495947899257,-0.03971642308368395,-0.03206258730365863,0.0006864090998235373,0.032800672834314426,-0.00877192982456143,0.04430379746835422,0.04411764705882337,-0.045454545454545525,-0.08108108108108103,0.0,0.0
202106,-0.0036270309386858823,-0.017733280113535588,-0.005791900074311074,0.009417614596393564,-0.08108489540470543,0.04194628285416058,0.09405225520171157,0.0568031522288146,-0.02570223704327279,-0.04689197847656379,0.007537588058239786,0.08621681289899752,0.0659268577064267,0.06086137024852101,0.06453253771965328,0.0,-0.02687296416938112,0.15044247787610643,0.030303030303030276,-0.014084507042253391,0.010582010582010692,-0.02941176470588236,0.0625,0.0
202107,0.018034325461034895,0.10492881040890856,-0.10584714181198907,-0.11809289599132744,-0.022535074738627703,0.03977584254447519,-0.1537323032639376,-0.017130503861330748,-0.06769202749951109,0.05537457752696717,0.03888312915964187,-0.00304249775364418,-0.04650671774633519,0.1964679003689418,-0.014551243080995313,0.0020578147966683336,0.0058577405857740406,0.0923076923076922,-0.00588235294117645,-0.05714285714285716,-0.010471204188481686,0.045454545454545414,0.03921568627450989,0.0
202108,-0.01340079276406525,-0.08824324181821053,-0.11073169963627594,-0.0528626211448624,0.08066118805028144,-0.02592621680863061,-0.05560029022700386,0.16472023913631118,-0.014920398320430128,-0.05278253964720114,0.054061669897336406,-0.050747295639227974,-0.1541458216589665,-0.19750596131818154,-0.0404683459451155,0.004791707412477919,-0.030782029950083167,-0.007042253521126751,-0.023668639053254448,-0.03535353535353536,-0.026455026455026398,0.11594202898550732,0.05660377358490565,0.5
202109,0.030843315278121564,-0.11491454885113772,0.23008403401022504,0.11772731377329682,0.41983229135116806,-0.005073990296210473,0.10811851015180496,-0.2333095572066124,0.017927866480899723,0.08330454108021224,-0.08116574518841935,-0.01954917362396269,-0.057675461245797144,0.15356516845847334,0.029814970260828577,0.004087591240875987,0.05321888412017173,0.07801418439716312,0.08484848484848495,0.0785340314136127,0.059782608695652106,0.2727272727272727,0.375,0.0
202110,0.030831369348182536,0.06732686555847955,0.161258846897961,0.14965743259738273,-0.2522903994472132,0.07857213547812436,0.15496569208140443,0.17043615647658528,0.13657627572349096,-0.04065821291995608,0.010920030043703566,0.09954248543476307,0.14920024224723893,-0.09805120984628779,-0.008229470279313533,0.0017446932247746627,0.018744906275468542,0.21052631578947367,0.2011173184357542,0.16504854368932032,0.17948717948717952,0.10204081632653073,-0.038961038961038974,0.0
202111,0.07386892495368391,0.028884818025253667,-0.026665884373810345,-0.026156203477451845,0.030472957196785888,0.061380736599895735,0.14289387433672363,0.07600882847729062,0.0534199394675976,-0.022302508992997794,-0.020047973763832272,-0.006004996939721452,0.07265057686510201,-0.010916562940082142,0.04178092901221908,0.005031446540880502,-0.0023999999999999577,0.059782608695652106,0.009302325581395321,-0.01666666666666672,0.0826086956521741,0.08333333333333326,0.08108108108108114,0.33333333333333326
202112,-0.016488735577176117,-0.14254323020727755,-0.08114887605582999,-0.23541055736301308,-0.006238075867106563,-0.03329547582909942,-0.2216967650341688,-0.03406774716659777,-0.11525886446569134,0.1473032391715443,0.006653569540539195,0.021413240606397155,0.01286984680707115,0.05221907371518508,0.01942938336032518,0.0016366612111293755,0.020048115477145245,-0.07692307692307687,-0.0875576036866359,-0.07203389830508466,-0.032128514056224966,0.08547008547008561,0.26249999999999996,0.0
202201,-0.0029139518341168014,0.1134801415173301,-0.09724393588279423,-0.1267530501097146,0.28374269426295573,-0.019216699475611665,0.0347124689146876,-0.03974985729131597,-0.06063122456178349,-0.05063006149400184,0.032281413123667724,0.021682375542456223,-0.22355721731793154,0.19600237905804785,-0.06954110938310021,0.006247597078046896,-0.07625786163522019,0.14444444444444438,0.15151515151515138,0.13698630136986312,0.0912863070539418,0.09448818897637778,0.17821782178217815,0.25
202202,0.001222266989791887,0.02413094555580586,-0.10092916272856589,0.019916738466516204,-0.31219076177363814,-0.010991257997906456,-0.06946602688744952,0.02808382604397397,-0.08560667644418207,-0.07427663285062502,0.015796847336221553,-0.0335729758583293,0.10494212137393077,-0.15815879986784565,0.05129591671636957,0.005826726525933745,-0.08170212765957441,0.11165048543689315,0.09649122807017552,0.08032128514056214,0.09125475285171114,0.07913669064748219,0.025210084033613578,0.0
